Title,Link
"Address Accepting the Presidential Nomination at the Republican National Convention in Cleveland, Ohio",https://www.presidency.ucsb.edu/documents/address-accepting-the-presidential-nomination-the-republican-national-convention-cleveland
Inaugural Address,https://www.presidency.ucsb.edu/documents/inaugural-address-14
"Interview with David Muir of ABC News' ""World News Tonight""",https://www.presidency.ucsb.edu/documents/interview-with-david-muir-abc-news-world-news-tonight-0
The President's News Conference With Prime Minister Theresa May of the United Kingdom,https://www.presidency.ucsb.edu/documents/the-presidents-news-conference-with-prime-minister-theresa-may-the-united-kingdom
Interview with Bill O'Reilly of Fox News,https://www.presidency.ucsb.edu/documents/interview-with-bill-oreilly-fox-news-0
Interview With Jim Gray of Westwood One Sports Radio Network,https://www.presidency.ucsb.edu/documents/interview-with-jim-gray-westwood-one-sports-radio-network
The President's News Conference With Prime Minister Shinzo Abe of Japan,https://www.presidency.ucsb.edu/documents/the-presidents-news-conference-with-prime-minister-shinzo-abe-japan
The President's News Conference With Prime Minister Justin P.J. Trudeau of Canada,https://www.presidency.ucsb.edu/documents/the-presidents-news-conference-with-prime-minister-justin-pj-trudeau-canada
The President's News Conference With Prime Minister Benjamin Netanyahu of Israel,https://www.presidency.ucsb.edu/documents/the-presidents-news-conference-with-prime-minister-benjamin-netanyahu-israel
The President's News Conference,https://www.presidency.ucsb.edu/documents/the-presidents-news-conference-1138
The President's News Conference With Chancellor Angela Merkel of Germany,https://www.presidency.ucsb.edu/documents/the-presidents-news-conference-with-chancellor-angela-merkel-germany-5
"Interview with Lionel Barber, Demetri Sevastopulo and Gillian Tett of The Financial Times",https://www.presidency.ucsb.edu/documents/interview-with-lionel-barber-demetri-sevastopulo-and-gillian-tett-the-financial-times
The President's News Conference With King Abdullah II of Jordan,https://www.presidency.ucsb.edu/documents/the-presidents-news-conference-with-king-abdullah-ii-jordan-0
Interview with Maria Bartiromo on Fox Business Network,https://www.presidency.ucsb.edu/documents/interview-with-maria-bartiromo-fox-business-network
The President's News Conference With Secretary General Jens Stoltenberg of the North Atlantic Treaty Organization,https://www.presidency.ucsb.edu/documents/the-presidents-news-conference-with-secretary-general-jens-stoltenberg-the-north-atlantic
The President's News Conference With Prime Minister Paolo Gentiloni of Italy,https://www.presidency.ucsb.edu/documents/the-presidents-news-conference-with-prime-minister-paolo-gentiloni-italy
Interview with Associated Press White House Correspondent Julie Pace,https://www.presidency.ucsb.edu/documents/interview-with-associated-press-white-house-correspondent-julie-pace
Interview with John Dickerson of CBS News,https://www.presidency.ucsb.edu/documents/interview-with-john-dickerson-cbs-news
The President's News Conference With President Juan Manuel Santos Calderon of Colombia,https://www.presidency.ucsb.edu/documents/the-presidents-news-conference-with-president-juan-manuel-santos-calderon-colombia-0
The President's News Conference With President Klaus Iohannis of Romania,https://www.presidency.ucsb.edu/documents/the-presidents-news-conference-with-president-klaus-iohannis-romania
"The President's News Conference With President Emmanuel Macron of France in Paris, France",https://www.presidency.ucsb.edu/documents/the-presidents-news-conference-with-president-emmanuel-macron-france-paris-france
Interview with Peter Baker of The New York Times,https://www.presidency.ucsb.edu/documents/interview-with-peter-baker-the-new-york-times
The President's News Conference With Prime Minister Sa'ad al-Hariri of Lebanon,https://www.presidency.ucsb.edu/documents/the-presidents-news-conference-with-prime-minister-saad-al-hariri-lebanon
The President's News Conference With President Sauli Niinistö of Finland,https://www.presidency.ucsb.edu/documents/the-presidents-news-conference-with-president-sauli-niinisto-finland
The President's News Conference With Amir Sabah al-Ahmad al-Jabir al-Sabah of Kuwait,https://www.presidency.ucsb.edu/documents/the-presidents-news-conference-with-amir-sabah-al-ahmad-al-jabir-al-sabah-kuwait
The President's News Conference With Prime Minister Mariano Rajoy Brey of Spain,https://www.presidency.ucsb.edu/documents/the-presidents-news-conference-with-prime-minister-mariano-rajoy-brey-spain
Interview with Forbes Magazine Editor Randall Lane and Chief Product Officer Lewis D'Vorkin,https://www.presidency.ucsb.edu/documents/interview-with-forbes-magazine-editor-randall-lane-and-chief-product-officer-lewis-dvorkin
The President's News Conference With Senate Majority Leader A. Mitchell McConnell,https://www.presidency.ucsb.edu/documents/the-presidents-news-conference-with-senate-majority-leader-mitchell-mcconnell
Interview With Mike Gallagher of the Salem Radio Network,https://www.presidency.ucsb.edu/documents/interview-with-mike-gallagher-the-salem-radio-network
Interview With Brian Kilmeade of Fox News Radio,https://www.presidency.ucsb.edu/documents/interview-with-brian-kilmeade-fox-news-radio
Interview With David Webb of Sirius XM Patriot Radio,https://www.presidency.ucsb.edu/documents/interview-with-david-webb-sirius-xm-patriot-radio
"Interview With Tony Katz of WIBC Radio in Indianapolis, Indiana",https://www.presidency.ucsb.edu/documents/interview-with-tony-katz-wibc-radio-indianapolis-indiana
"Interview With Chris Plante of WMAL Radio in Washington, District of Columbia",https://www.presidency.ucsb.edu/documents/interview-with-chris-plante-wmal-radio-washington-district-columbia
The President's News Conference With Prime Minister Alexios Tsipras of Greece,https://www.presidency.ucsb.edu/documents/the-presidents-news-conference-with-prime-minister-alexios-tsipras-greece
Interview with Maria Bartiromo of FOX Business Network,https://www.presidency.ucsb.edu/documents/interview-with-maria-bartiromo-fox-business-network-0
Interview with Lou Dobbs of FOX Business Network,https://www.presidency.ucsb.edu/documents/interview-with-lou-dobbs-fox-business-network
"The President's News Conference With Prime Minister Shinzo Abe of Japan in Tokyo, Japan",https://www.presidency.ucsb.edu/documents/the-presidents-news-conference-with-prime-minister-shinzo-abe-japan-tokyo-japan-0
"The President's News Conference With President Moon Jae-in of South Korea in Seoul, South Korea",https://www.presidency.ucsb.edu/documents/the-presidents-news-conference-with-president-moon-jae-south-korea-seoul-south-korea
"The President's News Conference With President Tran Dai Quang of Vietnam in Hanoi, Vietnam",https://www.presidency.ucsb.edu/documents/the-presidents-news-conference-with-president-tran-dai-quang-vietnam-hanoi-vietnam-0
The President's News Conference With Prime Minister Erna Solberg of Norway,https://www.presidency.ucsb.edu/documents/the-presidents-news-conference-with-prime-minister-erna-solberg-norway
Interview with the Wall Street Journal,https://www.presidency.ucsb.edu/documents/interview-with-the-wall-street-journal-0
Interview with Reporters on Testifying Under Oath to Special Counsel Robert S. Mueller III,https://www.presidency.ucsb.edu/documents/interview-with-reporters-testifying-under-oath-special-counsel-robert-s-mueller-iii
"Interview with Joe Kernen of CNBC at the World Economic Forum in Davos, Switzerland",https://www.presidency.ucsb.edu/documents/interview-with-joe-kernen-cnbc-the-world-economic-forum-davos-switzerland
Interview with Piers Morgan of The Spectator on Good Morning Britain,https://www.presidency.ucsb.edu/documents/interview-with-piers-morgan-the-spectator-good-morning-britain
Address Before a Joint Session of the Congress on the State of the Union,https://www.presidency.ucsb.edu/documents/address-before-joint-session-the-congress-the-state-the-union-25
The President's News Conference With Prime Minister Malcolm B. Turnbull of Australia,https://www.presidency.ucsb.edu/documents/the-presidents-news-conference-with-prime-minister-malcolm-b-turnbull-australia
The President's News Conference With Prime Minister Stefan Lofven of Sweden,https://www.presidency.ucsb.edu/documents/the-presidents-news-conference-with-prime-minister-stefan-lofven-sweden
"The President's News Conference With President Kersti Kaljulaid of Estonia, President Raimonds Vejonis of Latvia, and President Dalia Grybauskaite of Lithuania",https://www.presidency.ucsb.edu/documents/the-presidents-news-conference-with-president-kersti-kaljulaid-estonia-president-raimonds
"The President's News Conference With Prime Minister Shinzo Abe of Japan in Palm Beach, Florida",https://www.presidency.ucsb.edu/documents/the-presidents-news-conference-with-prime-minister-shinzo-abe-japan-palm-beach-florida
The President's News Conference With President Emmanuel Macron of France,https://www.presidency.ucsb.edu/documents/the-presidents-news-conference-with-president-emmanuel-macron-france
The President's News Conference With Chancellor Angela Merkel of Germany,https://www.presidency.ucsb.edu/documents/the-presidents-news-conference-with-chancellor-angela-merkel-germany-6
The President's News Conference With President Muhammadu Buhari of Nigeria,https://www.presidency.ucsb.edu/documents/the-presidents-news-conference-with-president-muhammadu-buhari-nigeria
The President's News Conference With Prime Minister Shinzo Abe of Japan,https://www.presidency.ucsb.edu/documents/the-presidents-news-conference-with-prime-minister-shinzo-abe-japan-1
"The President's News Conference in Charlevoix, Canada",https://www.presidency.ucsb.edu/documents/the-presidents-news-conference-charlevoix-canada
"The President's News Conference on Sentosa Island, Singapore",https://www.presidency.ucsb.edu/documents/the-presidents-news-conference-sentosa-island-singapore
Interview with Bret Bairer of Fox News,https://www.presidency.ucsb.edu/documents/interview-with-bret-bairer-fox-news
"The President's News Conference in Brussels, Belgium",https://www.presidency.ucsb.edu/documents/the-presidents-news-conference-brussels-belgium
"The President's News Conference With Prime Minister Theresa May of the United Kingdom in Buckinghamshire, United Kingdom",https://www.presidency.ucsb.edu/documents/the-presidents-news-conference-with-prime-minister-theresa-may-the-united-kingdom-0
"The President's News Conference With President Vladimir Vladimirovich Putin of Russia in Helsinki, Finland",https://www.presidency.ucsb.edu/documents/the-presidents-news-conference-with-president-vladimir-vladimirovich-putin-russia-helsinki
The President's News Conference With Prime Minister Giuseppe Conte of Italy,https://www.presidency.ucsb.edu/documents/the-presidents-news-conference-with-prime-minister-giuseppe-conte-italy
The President's News Conference With President Andrzej Duda of Poland,https://www.presidency.ucsb.edu/documents/the-presidents-news-conference-with-president-andrzej-duda-poland
The President's News Conference in New York City,https://www.presidency.ucsb.edu/documents/the-presidents-news-conference-new-york-city-0
"Interview with Leslie Stahl of CBS News ""60 Minutes""",https://www.presidency.ucsb.edu/documents/interview-with-leslie-stahl-cbs-news-60-minutes
"Interview with Catherine Lucey, Zeke Miller and Jonathan Lemire of AP News",https://www.presidency.ucsb.edu/documents/interview-with-catherine-lucey-zeke-miller-and-jonathan-lemire-ap-news
Interview with Jonathan Karl of ABC News,https://www.presidency.ucsb.edu/documents/interview-with-jonathan-karl-abc-news
"The President's News Conference in Washington, D.C.",https://www.presidency.ucsb.edu/documents/the-presidents-news-conference-washington-dc
Interview with Chris Wallace of Fox News,https://www.presidency.ucsb.edu/documents/interview-with-chris-wallace-fox-news-1
Interview with Philip Rucker and Josh Dawsey of The Washington Post,https://www.presidency.ucsb.edu/documents/interview-with-philip-rucker-and-josh-dawsey-the-washington-post
Interview with Saagar Enjeti and Vince Coglianese of The Daily Caller,https://www.presidency.ucsb.edu/documents/interview-with-saagar-enjeti-and-vince-coglianese-the-daily-caller
Interview with Peter Baker of The New York Times,https://www.presidency.ucsb.edu/documents/interview-with-peter-baker-the-new-york-times-0
Interview with Margaret Brennan of CBS News,https://www.presidency.ucsb.edu/documents/interview-with-margaret-brennan-cbs-news
Address Before a Joint Session of the Congress on the State of the Union,https://www.presidency.ucsb.edu/documents/address-before-joint-session-the-congress-the-state-the-union-26
"The President's News Conference in Hanoi, Vietnam",https://www.presidency.ucsb.edu/documents/the-presidents-news-conference-hanoi-vietnam
The President's News Conference With President Jair Messias Bolsonaro of Brazil,https://www.presidency.ucsb.edu/documents/the-presidents-news-conference-with-president-jair-messias-bolsonaro-brazil
Interview with Politico,https://www.presidency.ucsb.edu/documents/interview-with-politico
"The President's News Conference With Prime Minister Shinzo Abe of Japan in Tokyo, Japan",https://www.presidency.ucsb.edu/documents/the-presidents-news-conference-with-prime-minister-shinzo-abe-japan-tokyo-japan-1
"The President's News Conference With Prime Minister Theresa May of the United Kingdom in London, United Kingdom",https://www.presidency.ucsb.edu/documents/the-presidents-news-conference-with-prime-minister-theresa-may-the-united-kingdom-london
"Interview with Joe Kernen of CNBC's ""Squawk Box""",https://www.presidency.ucsb.edu/documents/interview-with-joe-kernen-cnbcs-squawk-box
Interview with George Stephanopoulos of ABC News,https://www.presidency.ucsb.edu/documents/interview-with-george-stephanopoulos-abc-news-3
The President's News Conference With President Andrzej Duda of Poland,https://www.presidency.ucsb.edu/documents/the-presidents-news-conference-with-president-andrzej-duda-poland-0
Interview with TIME Magazine,https://www.presidency.ucsb.edu/documents/interview-with-time-magazine-0
Interview with Sean Hannity of Fox News,https://www.presidency.ucsb.edu/documents/interview-with-sean-hannity-fox-news-1
"The President's News Conference in Osaka, Japan",https://www.presidency.ucsb.edu/documents/the-presidents-news-conference-osaka-japan
"The President's News Conference With President Moon Jae-in of South Korea in Seoul, South Korea",https://www.presidency.ucsb.edu/documents/the-presidents-news-conference-with-president-moon-jae-south-korea-seoul-south-korea-0
Interview with Joe Kerken of CNBC,https://www.presidency.ucsb.edu/documents/interview-with-joe-kerken-cnbc
Interview with Chuck Todd of NBC News,https://www.presidency.ucsb.edu/documents/interview-with-chuck-todd-nbc-news-0
"The President's News Conference With President Emmanuel Macron of France in Biarritz, France",https://www.presidency.ucsb.edu/documents/the-presidents-news-conference-with-president-emmanuel-macron-france-biarritz-france
The President's News Conference With Prime Minister Scott Morrison of Australia,https://www.presidency.ucsb.edu/documents/the-presidents-news-conference-with-prime-minister-scott-morrison-australia
The President's News Conference in New York City,https://www.presidency.ucsb.edu/documents/the-presidents-news-conference-new-york-city-1
The President's News Conference With President Sauli Niinistö of Finland,https://www.presidency.ucsb.edu/documents/the-presidents-news-conference-with-president-sauli-niinisto-finland-0
The President's News Conference With President Sergio Mattarella of Italy,https://www.presidency.ucsb.edu/documents/the-presidents-news-conference-with-president-sergio-mattarella-italy
The President's News Conference With President Recep Tayyip Erdogan of Turkey,https://www.presidency.ucsb.edu/documents/the-presidents-news-conference-with-president-recep-tayyip-erdogan-turkey
"Interview with Joe Kernen of CNBC's ""Squawk Box"" in Davos, Switzerland",https://www.presidency.ucsb.edu/documents/interview-with-joe-kernen-cnbcs-squawk-box-davos-switzerland
"The President's News Conference in Davos, Switzerland",https://www.presidency.ucsb.edu/documents/the-presidents-news-conference-davos-switzerland
Interview with Sean Hannity of Fox News,https://www.presidency.ucsb.edu/documents/interview-with-sean-hannity-fox-news-2
Address Before a Joint Session of the Congress on the State of the Union,https://www.presidency.ucsb.edu/documents/address-before-joint-session-the-congress-the-state-the-union-27
"The President's News Conference in New Delhi, India",https://www.presidency.ucsb.edu/documents/the-presidents-news-conference-new-delhi-india-3
The President's News Conference,https://www.presidency.ucsb.edu/documents/the-presidents-news-conference-1266
The President's News Conference,https://www.presidency.ucsb.edu/documents/the-presidents-news-conference-1267
The President's News Conference,https://www.presidency.ucsb.edu/documents/the-presidents-news-conference-1239
The President's News Conference,https://www.presidency.ucsb.edu/documents/the-presidents-news-conference-1240
"Interview with David Muir of ABC News' ""World News Tonight""",https://www.presidency.ucsb.edu/documents/interview-with-david-muir-abc-news-world-news-tonight
The President's News Conference,https://www.presidency.ucsb.edu/documents/the-presidents-news-conference-1241
The President's News Conference With President Andrzej Duda of Poland,https://www.presidency.ucsb.edu/documents/the-presidents-news-conference-with-president-andrzej-duda-poland-1
Interview with Sean Hannity of Fox News,https://www.presidency.ucsb.edu/documents/interview-with-sean-hannity-fox-news
The President's News Conference,https://www.presidency.ucsb.edu/documents/the-presidents-news-conference-1242
Interview with Chris Wallace of Fox News,https://www.presidency.ucsb.edu/documents/interview-with-chris-wallace-fox-news-0
The President's News Conference,https://www.presidency.ucsb.edu/documents/the-presidents-news-conference-1243
Interview with Dr. Marc Siegel for Fox News,https://www.presidency.ucsb.edu/documents/interview-with-dr-marc-siegel-for-fox-news
The President's News Conference,https://www.presidency.ucsb.edu/documents/the-presidents-news-conference-1244
The President's News Conference,https://www.presidency.ucsb.edu/documents/the-presidents-news-conference-1245
Interview with Dave Portnoy of Barstool Sports,https://www.presidency.ucsb.edu/documents/interview-with-dave-portnoy-barstool-sports
"The President's News Conference on COVID-19 Vaccine Development at the Fujifilm Diosynth Biotechnologies Bioprocess Innovation Center in Morrisville, North Carolina",https://www.presidency.ucsb.edu/documents/the-presidents-news-conference-covid-19-vaccine-development-the-fujifilm-diosynth
The President's News Conference,https://www.presidency.ucsb.edu/documents/the-presidents-news-conference-1246
The President's News Conference,https://www.presidency.ucsb.edu/documents/the-presidents-news-conference-1247
Interview with Jonathan Swan of Axios,https://www.presidency.ucsb.edu/documents/interview-with-jonathan-swan-axios
The President's News Conference,https://www.presidency.ucsb.edu/documents/the-presidents-news-conference-1248
The President's News Conference,https://www.presidency.ucsb.edu/documents/the-presidents-news-conference-1249
The President's News Conference,https://www.presidency.ucsb.edu/documents/the-presidents-news-conference-1250
"The President's News Conference in Bedminster, New Jersey",https://www.presidency.ucsb.edu/documents/the-presidents-news-conference-bedminster-new-jersey
"The President's News Conference in Bedminster, New Jersey",https://www.presidency.ucsb.edu/documents/the-presidents-news-conference-bedminster-new-jersey-0
The President's News Conference,https://www.presidency.ucsb.edu/documents/the-presidents-news-conference-1252
The President's News Conference,https://www.presidency.ucsb.edu/documents/the-presidents-news-conference-1253
The President's News Conference,https://www.presidency.ucsb.edu/documents/the-presidents-news-conference-1251
The President's News Conference,https://www.presidency.ucsb.edu/documents/the-presidents-news-conference-1255
The President's News Conference,https://www.presidency.ucsb.edu/documents/the-presidents-news-conference-1254
"The President's News Conference in Bedminster, New Jersey",https://www.presidency.ucsb.edu/documents/the-presidents-news-conference-bedminster-new-jersey-1
The President's News Conference,https://www.presidency.ucsb.edu/documents/the-presidents-news-conference-1258
The President's News Conference,https://www.presidency.ucsb.edu/documents/the-presidents-news-conference-1256
Address Accepting the Republican Presidential Nomination,https://www.presidency.ucsb.edu/documents/address-accepting-the-republican-presidential-nomination-2
Interview with Laura Ingraham of Fox News,https://www.presidency.ucsb.edu/documents/interview-with-laura-ingraham-fox-news
The President's News Conference,https://www.presidency.ucsb.edu/documents/the-presidents-news-conference-1257
The President's News Conference,https://www.presidency.ucsb.edu/documents/the-presidents-news-conference-1259
The President's News Conference,https://www.presidency.ucsb.edu/documents/the-presidents-news-conference-1260
The President's News Conference,https://www.presidency.ucsb.edu/documents/the-presidents-news-conference-1261
Interview with Judge Jeanine Pirro of Fox News,https://www.presidency.ucsb.edu/documents/interview-with-judge-jeanine-pirro-fox-news
The President's News Conference,https://www.presidency.ucsb.edu/documents/the-presidents-news-conference-1262
The President's News Conference,https://www.presidency.ucsb.edu/documents/the-presidents-news-conference-1263
The President's News Conference,https://www.presidency.ucsb.edu/documents/the-presidents-news-conference-1264
"Interview with Pete Hegseth of ""Fox and Friends""",https://www.presidency.ucsb.edu/documents/interview-with-pete-hegseth-fox-and-friends
The President's News Conference,https://www.presidency.ucsb.edu/documents/the-presidents-news-conference-1265
"Presidential Debate at Case Western Reserve University in Cleveland, Ohio",https://www.presidency.ucsb.edu/documents/presidential-debate-case-western-reserve-university-cleveland-ohio
Interview with Sean Hannity of Fox News,https://www.presidency.ucsb.edu/documents/interview-with-sean-hannity-fox-news-3
Interview with Sean Hannity of Fox News,https://www.presidency.ucsb.edu/documents/interview-with-sean-hannity-fox-news-4
Interview with Maria Bartiromo of Fox Business News,https://www.presidency.ucsb.edu/documents/interview-with-maria-bartiromo-fox-business-news
Interview with Rush Limbaugh on the EIB Network,https://www.presidency.ucsb.edu/documents/interview-with-rush-limbaugh-the-eib-network
Interview with Dr. Marc Siegel and Tucker Carlson of Fox News,https://www.presidency.ucsb.edu/documents/interview-with-dr-marc-siegel-and-tucker-carlson-fox-news
"Presidential Debate at Belmont University in Nashville, Tennessee",https://www.presidency.ucsb.edu/documents/presidential-debate-belmont-university-nashville-tennessee-0
"Interview with Lesley Stahl of CBS News ""60 Minutes""",https://www.presidency.ucsb.edu/documents/interview-with-lesley-stahl-cbs-news-60-minutes-0
Interview with Fox & Friends,https://www.presidency.ucsb.edu/documents/interview-with-fox-friends
Farewell Address to the Nation,https://www.presidency.ucsb.edu/documents/farewell-address-the-nation-3
Donald Trump Interview with Sean Hannity of Fox News,https://www.presidency.ucsb.edu/documents/donald-trump-interview-with-sean-hannity-fox-news
Donald Trump Interview with Greg Gutfeld of Fox News,https://www.presidency.ucsb.edu/documents/donald-trump-interview-with-greg-gutfeld-fox-news
Donald Trump Interview with Judge Jeanine Pirro of Fox News,https://www.presidency.ucsb.edu/documents/donald-trump-interview-with-judge-jeanine-pirro-fox-news
"Donald Trump Interview with Brian Kilmeade, Steve Doocy, and Ainsley Earhardt of ""Fox and Friends""",https://www.presidency.ucsb.edu/documents/donald-trump-interview-with-brian-kilmeade-steve-doocy-and-ainsley-earhardt-fox-and
"Address Accepting the Presidential Nomination at the Republican National Convention in Milwaukee, Wisconsin",https://www.presidency.ucsb.edu/documents/address-accepting-the-presidential-nomination-the-republican-national-convention-milwaukee
"Interview on ""The Joe Rogan Experience""",https://www.presidency.ucsb.edu/documents/interview-the-joe-rogan-experience
